SitePatch,SurveyDate,SiteNumber,SiteName,SiteType,State,FieldID,FlowID,SporeID,StomateID,SpeciesFinal,Habitat,Latitude,Longitude,Elevation,PatchSize,RamNum,RamDens,PCC,MicSlope,MicAspect,AdjMicAspect,final_MicAspect,MicHs,MacSlope,MacAspect,AdjMacAspect,final_MacAspect,MacHs,HsPos,LitDep,DepO,DepA,DepSoil,TexComp,pH,PctOM,P,K,Ca,Mg,Zn,B,Mn,Cu,Fe,Al,Na,S,ExchAcid,ECEC,Ca_BS,Mg_BS,K_BS,Pb,Ni,Cd,Cr,Ca:Mg
1.1,2016-06-07,1,FarrellWoods,NS,VT,P,,,,P,Rich Northern Hardwood Forest,44.28627,-72.58031,231,52,30,0.576923076923077,85.44,30,110,110,E,LC,27,102,102,E,CC,Bs,2.28571428571429,2.57142857142857,5.57142857142857,13.8571428571429,sandy loam/sandy clay loam,4.66,6.786,3.3,74,415,54,4.3,0.15,55.8,0.2,38.4,265,7,24,7.78,2.71,19.77,4.29,1.81,0.8,0.25,0.1,0.15,7.68518518518519
1.2,2016-06-16,1,FarrellWoods,NS,VT,P,,,,P,Rich Northern Hardwood Forest,44.285929,-72.579581,224.59,509.5,92,0.180569185475957,88.82,31,102,102,E,"LV, VV, CC, LL",29,108,108,E,CC,Sh/Bs,1.875,1.9375,5.0625,12.5,loam/clay loam,4.6,6.149,2,59,302,71,10.1,0.1,42.5,0.25,43.1,166,7,12,7.44,2.25,15.59,6.11,1.56,0.45,0.5,0.1,0.1,4.25352112676056
2.1,2016-06-20,2,ChapelWoods,NS,VT,P,,,,P,Rich Northern Hardwood Forest,44.3049,-72.51934,384,31,5,0.161290322580645,88.82,5,211,211,S,LC,7.5,90,90,NE,CC,Bs,2.8,3.25,10,5.625,loam,6.1,8.606,1.1,34,2010,89,3.6,0.15,30,0.1,2.5,25,13,6,2.71,10.88,73.96,5.46,0.64,0.15,0.35,0.1,0,22.5842696629213
2.2,2016-06-21,2,ChapelWoods,NS,VT,P,,,,P,Rich Northern Hardwood Forest,44.3045,-72.51974,379,44,30,0.681818181818182,87.26,7,179,179,SE,VV,10,292,292,W,CC,Ts,1.25,2.5,5.9,7.2,loam/clay loam,6.06,4.966,1.05,34,1525,67,3,0.2,12.4,0.15,5.2,79,9,9,2.28,8.27,72.25,5.29,0.83,0.6,0.4,0.05,0.05,22.7611940298507
2.3,2017-06-08,2,ChapelWoods,NS,VT,P,,,,P,Rich Northern Hardwood Forest,44.30673,-72.52051,391.85,40,85,2.125,76.08,10,194,194,S,"LL,LC",5,198,198,S,LC,Bs,2.375,2.625,11.625,16.875,clay loam,5.41,5.967,0.9,34,1156,53,2.05,0.05,31.4,0.1,5.4,55,8,9,4.43,6.31,53.83,4.11,0.81,0.2,0.5,0.1,0,21.811320754717
3.1,2016-06-23,3,ElmoreSP,NS,VT,P,,,,P,Rich Northern Hardwood Forest,44.53037,-72.54168,594,26,22,0.846153846153846,85.7,3,70,70,NE,CC,15,94,94,E,CC,Ts,3.5,3,13.66,10,clay loam,5.47,11.518,1.1,24,458,40,2.25,0.1,21.2,0.4,7.2,549,12,14,7.38,2.68,22.75,3.31,0.61,0.4,0.45,0.05,0.2,11.45
3.2,2017-07-13,3,ElmoreSP,NS,VT,P,P,,,P,Rich Northern Hardwood Forest,44.53283,-72.54172,562,179,134,0.748603351955307,83.36,10,52,52,NE,LL,22,42,42,N,LC,Bs/Ts,1.75,2.75,14.5,25.5,silty clay loam,5.32,8.697,0.9,38,745,44,3.5,0.1,23.4,4.9,6.3,193,12,11,5.83,4.19,37.17,3.66,0.97,1.15,0.55,0.15,0.05,16.9318181818182
4.1,2016-07-03,4,CoolidgeSF,NS,VT,P,,,,P,Rich Northern Hardwood Forest,43.55442,-72.76347,575,39.25,31,0.789808917197452,87.52,24,76,76,NE,VV,22,70,70,NE,CC,Sh/Bs,2.5,1.3125,7.875,11.3125,loam,5.82,4.966,0.9,44,989,128,2.05,0.15,12.9,0.1,9.5,60,6,4,2.96,6.12,54.44,11.74,1.24,0.55,0.25,0.05,0.05,7.7265625
4.2,2016-07-04,4,CoolidgeSF,NS,VT,P,,,,P,Rich Northern Hardwood Forest,43.55691,-72.76359,562,90,71,0.788888888888889,86.22,19,82,82,NE,LV,18,66,66,NE,LC,Bs,2.5,0.875,7.28571428571429,17.4,loam/clay loam,5.85,5.33,0.95,32,1407,109,2.7,0.15,16.5,0.15,4.4,25,7,4,2.8,8.03,64.99,8.39,0.76,0.4,0.25,0.1,0,12.9082568807339
5.1,2016-07-05 & 2016-07-06,5,MineralSpringsKnob,S,VT,V,V,,,V,Serpentine Outcrop,44.8628,-72.41673,263,150,91,0.606666666666667,74.78,36,148,148,SE,"LC, LV",60,130,130,E,LC,Bs/Ts,1.5,1.25,3.093,3.76666666666667,loam/sandy loam,6.72,13.884,3.5,60,531,1806,1.05,0.8,13.9,0.1,1.9,4,10,6,1.8,17.86,13.51,76.56,0.78,0.65,3.9,0.1,0.3,0.294019933554817
5.2,2016-07-07 & 2016-07-11,5,MineralSpringsKnob,S,VT,V,V,V,,V,Serpentine Forest,44.86346,-72.41615,269,75,35,0.466666666666667,83.36,24,64,64,NE,"LC, LV, LL",26,50,50,NE,LC,Bs/Ts,4,2.15,3.75,6.22727272727273,loam/clay loam,5.62,13.793,3.2,81,464,1363,5.1,0.25,34.8,0.1,9,15,12,8,5.26,13.89,12.12,59.34,1.08,0.7,9.9,0.15,0.45,0.340425531914894
5.3,2016-08-29,5,MineralSpringsKnob,S,VT,A&V,V,A,,A&V,Serpentine Outcrop,44.86296,-72.41655,265.2,8,25,3.125,77.64,5,140,140,SE,LC,38,151,151,SE,LC,Sh/Bs,2.57142857142857,1.5,3.64285714285714,4.85714285714286,NA,5.65,20.163,3.5,87,401,1415,2.15,0.1,18,0.1,27.2,19,11,8,6.51,14.02,9.76,57.43,1.09,1.25,7.2,0.1,0.75,0.28339222614841
5.4,2017-10-13,5,MineralSpringsKnob,S,VT,A,,A,,A,Serpentine Outcrop,44.86287,-72.41695,265,4,6,1.5,61.78,10,135,135,E,LL,22,136,136,SE,LV,Sh,2.18181818181818,2.95454545454545,1.31818181818182,2.95454545454545,clay loam,5.31,47.281,4.55,102,493,850,4.1,0.05,35.7,0.05,8,10,17,10,13.24,9.81,10.7,30.74,1.13,2.6,3.7,0.1,0.05,0.58
6.1,2016-07-13,6,BrownsLedges,S,VT,V&P,V,,,V&P,Rich Northern Hardwood Serpentine Forest,44.83243,-72.45392,463,1200,55,0.045833333333333,89.08,42,84,84,NE,"LV, LC",39,90,90,NE,LC,Bs/Fs,1.5,2.25,5.4,5.85,loam,5.62,17.342,3,86,1125,813,8.55,0.2,71.7,0.1,6.7,27,17,14,6.05,12.62,30.13,36.29,1.18,0.1,7.05,0.2,0.1,1.38376383763838
6.2,2016-07-14,6,BrownsLedges,S,VT,A&V,A&V,,,A&V,Serpentine Outcrop,44.82899,-72.45531,420,29,22,0.758620689655172,71.14,44,173,173,SE,"LC, LL",54,175,175,SE,LC,Bs,3.79166666666667,1.1,2.81818181818182,3.3,NA,5.6,31.265,5.55,82,543,1240,3,0.15,11,0.05,4.1,4,11,7,8.94,13.26,12.23,46.55,0.95,0.8,2.8,0.1,0,0.437903225806452
6.3,2016-08-01 & 2016-08-02,6,BrownsLedges,S,VT,A&V,A&V,,,A&V,Serpentine Outcrop,44.82944,-72.45465,428,36,14,0.388888888888889,75.04,49,129,129,E,"LL, LC",52,108,108,E,LC,Sh/Bs,2.44,2.66,3.3,4.22,NA,6.53,20.527,2.75,92,514,2030,0.95,0.35,13.5,0.05,4.6,3,7,5,3.78,19.72,10.93,71.97,1,0.65,11.1,0.1,0,0.25320197044335
6.4,2016-08-03,6,BrownsLedges,S,VT,V,V,,,V,Serpentine Outcrop,44.83096,-72.459,453,282.6,65,0.230007077140835,76.86,43,118,118,E,"LV,LL",60,110,110,E,LC,Bs,2.8125,3.66666666666667,3.33333333333333,4.75,clay loam,6.29,39.819,7.25,75,935,2034,4.15,0.55,13.3,0.05,2.1,2,16,9,8.58,21.82,15.38,55.76,0.63,0.7,9,0.1,0,0.45968534906588
6.5,2016-08-04,6,BrownsLedges,S,VT,A,A,A,,A,Serpentine Outcrop,44.82948,-72.45616,450.799185574426,3.25,10,3.07692307692308,84.66,16,344,344,NW,LC,49,240,240,SW,LC,Bs,2.11,2.22,3.75,5.11,clay loam,5.79,29.809,2.2,92,497,1544,1.25,0.2,28.2,0.1,13.1,5,29,7,8.05,15.59,10.51,54.44,1,1.55,10.35,0.1,0.05,0.321891191709844
6.6,2017-07-10,6,BrownsLedges,S,VT,P,P,,,P,Rich Northern Hardwood Forest,44.83112,-72.45287,398,42,31,0.738095238095238,88.56,40,144,144,SE,"LL,LC",33,140,140,SE,LC,Bs,3.22222222222222,1.27777777777778,3.16666666666667,10.5555555555556,silty clay loam,5.4,10.881,3.5,76,955,807,11.9,0.2,18.8,0.05,9.8,30,14,15,5.39,11.69,27.95,39.36,1.14,0.85,9.6,0.25,0.05,1.18339529120198
6.7,2017-08-23,6,BrownsLedges,S,VT,A,,A,,A,Serpentine Outcrop,44.83038,-72.45665,466,2.5,8,3.2,93.76,20,301,301,W,CL,60,301,301,W,LV,Sh,1.54545454545455,2.59090909090909,1.41666666666667,4.13636363636364,clay loam,6.82,12.337,1.7,65,333,1584,0.35,0.45,3.2,0.05,3.2,8,11,8,1.18,15.03,10.27,81.43,1.03,0.25,7.45,0.05,0.1,0.210227272727273
6.8,2017-09-04,6,BrownsLedges,S,VT,T,3x,abort,,T,Serpentine Outcrop,44.8293,-72.45582,454,6,6,1,89.86,22,19,19,N,LL,43.5,208,208,S,CC,Bs,1.71428571428571,1.57142857142857,1.71428571428571,3.64285714285714,clay loam,6.44,13.975,2.7,81,710,1469,1,0.25,5.6,0.05,3.2,5,17,10,2.69,16,18.99,65.49,1.11,0.8,6.45,0.05,0,0.483321987746766
7.1,2016-07-19,7,GreenRRSP,NS,VT,P,,,,P,Rich Northern Hardwood Forest,44.64053,-72.52703,429,54.5,28,0.513761467889908,90.64,42,110,110,E,"LC, LL",37,108,108,E,CC,Sh/Bs,3.25,2,2.9,3.786,clay loam,5.35,18.252,1.4,78,1399,213,11.55,0.15,37.2,0.15,10.8,108,8,12,7.4,8.97,42.72,10.84,1.22,0.45,0.35,0.25,0.1,6.56807511737089
8.1,2016-08-15,8,MississquoiLedges,S,VT,A,,A,,A,Serpentine Outcrop,44.807,-72.45557,301.4,14.0725,22,1.56333274116184,82.58,20,288,288,W,CL,37,288,288,W,LC,Bs,0,3.66,4.33,4.4,clay loam,6.73,13.884,4.2,67,290,1923,1.3,0.6,10,0.05,3.8,4,11,7,1.77,17.65,7.47,82.55,0.88,0.35,13.3,0.1,0.05,0.15080603224129
8.2,2016-08-15 & 2016-08-16,8,MississquoiLedges,S,VT,A,A,abort,,T,Serpentine Outcrop,44.80702,-72.45556,296.3,15,22,1.46666666666667,67.24,50,260,260,SW,LC,53,270,270,SW,LC,Bs,2.41666666666667,2.5,2.16666666666667,3.79166666666667,clay loam,5.26,41.002,4.5,77,402,1003,3.25,0.1,18.4,0.1,6.6,4,11,7,12.05,10.57,8.89,36.96,0.87,2.55,4.3,0.1,0.05,0.400797607178465
8.3,2016-08-16,8,MississquoiLedges,S,VT,2x,,A,,A,Serpentine Outcrop,44.80758,-72.4558,282.8,2.75,19,6.90909090909091,85.7,0,0,0,N,CL,38,0,0,N,LV,Bs,0.818181818181818,1.25,1.25,2.5,clay loam,6.71,22.802,3.65,82,444,1854,0.6,0.4,12.8,0.05,4.1,2,9,7,3.7,17.88,10.29,71.61,0.97,0.8,6.05,0.1,0.05,0.239482200647249
8.4,2016-08-19,8,MississquoiLedges,S,VT,A,,A,,A,Serpentine Outcrop,44.80674,-72.45579,279.1,1.75,12,6.85714285714286,85.44,0,250,250,SW,CC,44,250,250,SW,LC,Bs,2.16666666666667,1.97222222222222,1.97222222222222,3.944,clay loam,6.52,26.442,4.9,108,461,1353,0.35,0.3,17.6,0.1,5.2,3,18,8,5.05,13.86,12.19,59.62,1.46,1.8,5.55,0.15,0.05,0.340724316334072
8.5,2016-08-19,8,MississquoiLedges,S,VT,V,V,,,V,Serpentine Outcrop,44.80676,-72.45587,287.4,21,23,1.0952380952381,58.66,33,281,281,W,"LC, LL, LV",49,274,274,W,CC,Bs,1.857,2.25,2.25,2.73,loam/clay loam,5.49,38.727,7.85,117,370,953,2.6,0.1,18.4,0.1,4.2,2,16,8,10.85,10.09,8.84,37.93,1.43,1.45,4.05,0.1,0.05,0.388247639034627
8.6,2016-08-21,8,MississquoiLedges,S,VT,V,V,abort,,T,Serpentine Forest,44.807574,-72.454993,291.4,8.25,11,1.33333333333333,81.8,30,0,0,N,LC,29,0,0,N,LC,Bs,1.7,2.6,4.5,12.6,sandy clay loam,6.14,6.968,1.5,34,217,1378,2.45,0.15,16.1,0.05,4.4,6,8,4,2.16,12.66,7.32,77.5,0.59,0.35,9.6,0.1,0.1,0.157474600870827
9.1,2016-08-20,9,WFarmanHill,S,VT,V,,V,,V,Serpentine Forest,44.83426,-72.42493,423.666666666667,31.4,23,0.732484076433121,83.88,4,350,350,NW,"LL, LC",11,354,354,NW,CC,Sh,2.9375,2.6875,3.21428571428571,7.25,clay loam/silty clay loam,6.31,28.899,5.65,91,361,1868,3.05,0.25,21,0.05,2.3,4,12,9,6.23,17.61,7.57,65.31,0.98,0.5,10.5,0.15,0.1,0.193254817987152
9.2,2016-08-22,9,WFarmanHill,S,VT,A,A,,,A,Serpentine Outcrop,44.834,-72.42625,364.845588,19.5,26,1.33333333333333,58.4,42,258,258,SW,"LC,LL",45,270,270,SW,CC,Bs,1.91666666666667,1.6667,2.33333333333333,4.5,loam/clay loam,6.4,28.899,4.7,86,394,1501,0.75,0.35,11.2,0.05,2.5,2,8,7,5.94,14.7,9.54,60.6,1.07,0.9,3,0.1,0.1,0.262491672218521
9.3,2016-08-23,9,WFarmanHill,S,VT,V,,V,,V,Serpentine Forest,44.83414,-72.42913,309.98,75,62,0.826666666666667,85.18,15,298,298,W,LC,14,309,309,W,LC,Bs,1.78571428571429,3.3,3.25,11.7142857142857,clay loam,5.94,14.157,2.15,33,247,1234,1.8,0.1,8.8,0.05,2.8,7,8,5,4.3,11.6,7.77,64.66,0.53,0.75,6.85,0.1,0.05,0.200162074554295
9.4,2016-09-04,9,WFarmanHill,S,VT,T,3x,abort,,T,Serpentine Outcrop,44.834028,-72.426306,352.16,6,17,2.83333333333333,71.14,42,275,275,W,"LC, LL",36,285,285,W,LC,Bs,1.95,1.94444444444444,2.1,3.3,NA,5.36,53.287,12.85,125,836,993,3.35,0.1,13.2,0.05,3.8,5,9,9,14.32,12.78,15.43,30.54,1.18,3.5,2.8,0.1,0.1,0.841893252769386
9.5,2017-08-16,9,WFarmanHill,S,VT,V,V,,,V,Serpentine Forest,44.83568,-72.42813,301,1200,162,0.135,65.42,10,328,328,NW,"LL,LV",20,262,262,SW,LC,Bs,1.36111111111111,1,3.95,10.2777777777778,clay loam,6.42,24.349,2.2,50,432,2041,2.1,0.25,7.2,0.05,6.3,14,15,12,4.97,19.3,8.9,70.09,0.53,0.7,7.75,0.1,0.15,0.211660950514454
10.1,2016-08-25,10,BelvidereMines,S,VT,V,V,V,V,V,Serpentine Forest,44.75639,-72.52723,392.582387437364,300,135,0.45,66.2,5,0,0,N,LC,6,0,0,N,CC,Ts,1.75,2.375,10.875,38.1,sandy clay loam,7.04,7.15,1.75,52,358,1213,0.95,0.25,7.6,0.55,2.2,31,8,4,0,12.03,14.88,84.01,1.11,0.05,0.95,0.05,0.05,0.295136026380874
10.2,2016-08-28,10,BelvidereMines,S,VT,V,V,abort,,T,Serpentine Forest,44.75713,-72.52892,434.644786091367,37.5,36,0.96,85.44,33,250,250,SW,LV,25,257,257,SW,LC,Bs,2.625,2.8125,2.85714285714286,5.875,sandy clay loam,6.63,19.799,3.4,53,661,1282,0.75,0.3,7.6,0.1,3.2,4,11,7,3.32,14.12,18.95,61.24,0.78,0.3,3,0.05,0.1,0.515600624024961
10.3,2016-09-17,10,BelvidereMines,S,VT,P,,P,,P,Rich Northern Hardwood Serpentine Forest,44.75656,-72.52737,391.667987466624,78.5,79,1.00636942675159,83.62,18,273,273,W,"VC, LL, LC",20,270,270,SW,LC,Bs,2.1,3.8,4.4,20,sandy clay loam,6.69,8.515,3.55,61,1183,923,5.6,0.25,18.4,0.05,2.6,6,8,7,0.77,13.76,40.7,52.92,1.08,0.05,5.95,0.25,0.1,1.28169014084507
10.4,2017-07-17,10,BelvidereMines,S,VT,V,V,,,V,Serpentine Mine Barrens,44.7564,-72.53243,407,32,31,0.96875,42.58,4,286,286,W,LL,10,296,296,W,LC,Ts,1.92857142857143,1.35714285714286,1.21428571428571,2.5,sandy clay loam,7.31,18.434,6.15,88,398,2305,2.95,2.05,5.1,0.05,2.4,5,12,6,0.92,21.42,8.91,85.98,1.01,0.1,3.05,0.05,0.05,0.172668112798265
10.5,2017-07-21,10,BelvidereMines,S,VT,V,,,,V,Northern Hardwood Serpentine Forest,44.75574,-72.53263,426,79,61,0.772151898734177,79.72,5,176,176,SE,"LC,LV,LL",20,228,228,SW,LC,Ts,1.5,3.08333333333333,7.41666666666667,13.0833333333333,silty clay,7.21,21.892,0.8,29,526,2532,0.95,0.5,2.4,0.05,3.2,10,14,7,1.98,23.8,10.2,81.84,0.29,0.25,1.35,0.05,0.05,0.207740916271722
10.6,2017-07-24,10,BelvidereMines,S,VT,V,V,,,V,Northern Hardwood Serpentine Forest,44.75061,-72.54309,437,32,26,0.8125,53.98,15,126,126,E,"LV,LL",6,130,130,E,LC,Ts,1.75,0.875,7.375,13.125,loamy sand,7.48,2.691,1.35,15,383,442,0.55,0.25,3.3,0.05,3,5,6,5,0,5.64,33.97,65.34,0.68,0.15,23.4,0.05,0.1,0.866515837104072
10.7,2017-08-20 & 2017-08-22,10,BelvidereMines,S,VT,V,V,,,V,Northern Hardwood Serpentine Forest,44.75424,-72.53379,425,162,90,0.555555555555556,66.2,14,131,131,E,"VV,VL,LL",5.5,185,185,S,LC,Ts,1.625,2,10.75,18.25,clay loam,7.51,14.885,1.3,41,408,1462,1.15,0.25,6.6,0.45,3,31,13,13,0,14.33,14.24,85.03,0.73,0.3,2.2,0.1,0.2,0.27906976744186
10.8,2017-08-22 & 2017-08-25,10,BelvidereMines,S,VT,V,V,abort,,V,Northern Hardwood Serpentine Forest,44.76086,-72.54803,578,1047,187,0.178605539637058,77.38,16,142,142,SE,"LL,LV",19,158,158,SE,LC,Bs,1.5,4.5,8.625,9.5,sandy clay loam,7.01,8.424,1.15,25,466,1207,1.25,1.45,7.6,0.05,5.9,8,11,98,0,12.45,18.71,80.77,0.51,0.3,14.6,0.05,0.2,0.386081193040597
10.9,2017-08-25 & 2017-09-24,10,BelvidereMines,S,VT,P,,P,,P,Rich Northern Hardwood Serpentine Forest,44.76109,-72.54991,587,50,48,0.96,80.24,8,210,210,S,"LC,LL",12,184,184,S,LC,Ts,1.83333333333333,1.58333333333333,8.33333333333333,17.9166666666667,clay loam,6.45,10.153,0.85,34,1077,594,1.6,0.2,7.2,0.05,2.9,39,8,7,2,10.42,43.36,39.85,0.7,0.65,9.45,0.1,0.2,1.81313131313131
11.1,2017-06-12,11,CCPutnamSF,NS,VT,P,P,,,P,Rich Northern Hardwood Forest,44.46313,-72.63548,564,1468,227,0.154632152588556,79.46,28,325,325,NW,"LL,LC,LV",28,326,326,NW,LC,Bs,3.28571428571429,1.92857142857143,5.42857142857143,13.1428571428571,clay loam,5.83,11.791,1.35,57,2311,144,4.6,0.25,24.3,0.1,3.7,33,10,9,4.25,12.9,67.36,7,0.85,0.3,0.25,0.15,0,16.0486111111111
11.2,2017-06-22,11,CCPutnamSF,NS,VT,P,P,,,P,Rich Northern Hardwood Forest,44.46494,-72.6367,492,765,283,0.369934640522876,80.5,15,334,334,NW,"LL,LC,LV",19,328,328,NW,LC,Bs,2.5,2.2,8.6,17.5,silty clay loam,6.41,16.25,0.95,41,3313,230,1.35,0.3,19.2,0.5,1.7,24,14,9,3.34,18.59,75.54,8.74,0.48,0.15,0.15,0.1,0.05,14.404347826087
11.3,2017-06-26,11,CCPutnamSF,NS,VT,P,,,,P,Rich Northern Hardwood Forest,44.4624,-72.6384,532,1192,422,0.354026845637584,89.34,24,339,339,NW,"LL,LV,VV",22,350,350,NW,LC,Bs,2.2,1,6.8,8.4,silty clay loam,5.67,10.244,0.95,43,1890,134,2,0.15,11.3,0.15,8.2,107,8,7,4.72,10.68,61.36,7.25,0.72,0.45,0.2,0.1,0.05,14.1044776119403
12.1,2017-06-28,12,GleasonBrook,NS,VT,P,,,,P,Rich Northern Hardwood Forest,44.36496,-72.87991,229,1152,498,0.432291666666667,85.44,22,9,9,N,"LL,LC,LV",20,24,24,N,LC,Sh,1.6,0.3,8.2,21.5,clay loam,4.74,5.694,1,59,571,64,3.9,0.15,12.3,0.2,72.1,119,10,10,6.72,3.54,27.84,5.2,1.47,1,0.45,0.1,0.15,8.921875
12.2,2017-07-07,12,GleasonBrook,NS,VT,P,,,,P,Rich Northern Hardwood Forest,44.36554,-72.88147,230,250,70,0.28,86.74,48,344,344,NW,LC,40,15,15,N,LC,Sh,1.6875,0.8125,4.25,11.375,sandy clay loam,5.21,5.967,1,57,1199,140,2.7,0.1,17.1,0.15,19.7,71,9,7,5.12,7.31,48.25,9.39,1.18,0.7,0.8,0.15,0.05,8.56428571428572
12.3,2017-08-15,12,GleasonBrook,NS,VT,P,P,,,P,Rich Northern Hardwood Forest,44.36696,-72.88326,181,245,141,0.575510204081633,83.62,33,27,27,N,"LL,LV,LC",30,14,14,N,CC,Bs,1.25,3.75,11.25,20.5,clay loam,5.24,4.784,0.9,51,612,79,2.15,0.1,9.6,0.15,15.3,153,10,9,5.1,3.85,34.19,7.35,1.46,0.5,1.05,0.1,0.05,7.74683544303798
13.1,2017-07-20,13,BenedictineCliffs,S,VT,A,A,,,A,Serpentine Outcrop,44.85487,-72.42068,265,5,22,4.4,66.72,276,32,32,N,"CL,CC",270,42,42,N,LC,Sh,1.5,1.85714285714286,0.642857142857143,2.5,silty clay ,6.46,30.355,4.9,100,454,1871,1.6,0.25,6.1,0.05,4.3,4,22,13,6.07,18.12,9.39,64.47,1.06,2,4.3,0.1,0.05,0.242650988776056
13.2,2017-07-28,13,BenedictineCliffs,S,VT,A,A,,,A,Serpentine Outcrop,44.84724,-72.42284,274,10,11,1.1,87.52,20,252,252,SW,"LL,LV",54,262,262,SW,LC,Bs,1.28571428571429,1.5,4.14285714285714,5.64285714285714,silty clay loam,6.6,14.521,1.4,62,278,1957,0.5,0.25,4.2,0.05,4.1,13,11,9,2.34,17.86,6.88,80.73,0.79,0.3,9.95,0.1,0.15,0.142054164537557
13.3,2017-08-27,13,BenedictineCliffs,S,VT,A,A,,,A,Serpentine Outcrop,44.8419,-72.42586,261,17,53,3.11764705882353,66.46,37,301,301,W,"LC,LL",53,253,253,SW,LC,Bs,1.07142857142857,2.35714285714286,3.57142857142857,6.07142857142857,clay loam,6.98,24.44,2.75,85,278,2463,0.55,0.9,3.5,0.05,2.3,6,14,9,3.21,22.13,5.48,80.99,0.86,0.25,8.45,0.05,0.1,0.112870483150629
14.1,2018-06-12,14,GoatHill,S,PA,P,,P,,P,Serpentine-Influenced Oak-Red Maple Catbriar Forest,39.72844,-76.07449,127,29,30,1.03448275862069,85.96,23,188,184.5,S,"LC,LV",18,184,180.5,S,LV,Ts,1.66666666666667,1,6.83333333333333,11.5833333333333,clay loam,6.48,4.602,2.4,72,555,1241,0.9,0.15,18.7,0.05,3.5,5,11,9,0.6,13.3,19.96,74.38,1.33,0.2,27.75,0.05,0.15,0.447219983883965
14.2,2018-06-12,14,GoatHill,S,PA,P,,P,,P,Serpentine Mine Barrens,39.7223,-76.08048,96,29,26,0.896551724137931,20.44,43,218,214.5,S,LV,15,230,226.5,SW,LC,Bs,1.21428571428571,2.57142857142857,5.21428571428571,7.78571428571429,clay loam,7.62,7.605,2.6,54,715,1646,0.05,0.4,7.3,0.05,0.9,3,17,4,0,17.43,20.51,78.7,0.79,0.45,2.95,0,0.1,0.434386391251519
14.3,2018-06-12,14,GoatHill,S,PA,P,,,,P,Serpentine-Influenced Pine-Red Maple-Catbriar Forest,39.72554,-76.08028,89,11.5,2,0.173913043478261,25.38,5,182,178.5,SE,LL,8,190,186.5,S,"LL,LV",Bs,1.25,2.5,23.25,28.75,clay loam,6.58,6.513,0.95,35,677,1368,0.5,0.15,13.5,0.05,1.6,7,38,6,0.7,14.87,21.74,73.2,0.58,0.2,24,0,0.1,0.494883040935673
14.4,2018-06-14,14,GoatHill,S,PA,P,,,,P,Serpentine Outcrop/Oak Forest Ecotone,39.73343,-76.09253,63,54,67,1.24074074074074,86.48,38,314,310.5,W,"LC,LL",36,320,316.5,NW,LV,Bs,2.9,2.2,12.6,14.8,clay loam,6.48,5.694,1.1,52,382,965,0.9,0.15,38.4,0.1,2.3,7,10,5,0.84,10.09,17.49,73.62,1.22,0.25,33.05,0.05,0.1,0.395854922279793
15.1,2018-06-13,15,NottinghamPark,S,PA,P,,,,P,Serpentine Forest,39.73174,-76.03984,131,17,16,0.941176470588235,63.08,10,354,350.5,NW,"LC,LV",15,55,51.5,NE,"LL,LV",Ts,1.5,3,10,19,clay loam,6.8,8.242,1.25,50,571,1465,0.95,0.25,16.9,0.05,2.6,4,24,11,0.36,15.19,18.35,78.49,0.82,0.25,22.2,0.05,0.1,0.389761092150171
16.1,2018-06-13,16,PilotHillBarrens,S,PA,P,,,,P,Fire-Maintained Serpentine Grassland,39.70218,-76.18935,77,18,7,0.388888888888889,13.16,12,315,311.5,W,"LC,LL",7,109,105.5,E,LC,Bs,1.83333333333333,2,24,26,clay loam,6.5,3.51,0.9,36,267,911,0.75,0.15,12.1,0.1,4.2,11,31,5,0.34,9.02,14.27,81.16,0.99,0.35,21.5,0.05,0.1,0.293084522502744
16.2,2018-06-15,16,PilotHillBarrens,S,PA,P,,,,P,Serpentine Grassland/Paw-Paw Creek Bottom Lands Ecotone,39.70251,-76.18854,75,126,91,0.722222222222222,71.14,26,75,71.5,NE,LV,10,78,74.5,NE,LC,Bs/Ts,2.9,3,11.8,14.8,clay loam,6.3,6.331,0.95,58,416,985,0.95,0.2,30.6,0.1,2.4,8,18,5,1.54,10.44,17.37,68.55,1.24,0.2,32.45,0.05,0.05,0.422335025380711
17.1,2018-06-26,17,DeerIsle,S,ME,V,,,,A,Serpentine Forest/Ocean Shore Ecotone,44.26032,-68.63713,4,11,29,2.63636363636364,86.22,56,5,6,N,LL,32,0,1,N,LC,Bs/Ts,0.416666666666667,2.66666666666667,2.83333333333333,5.5,loam/sandy loam,6.96,8.06,1.95,64,1017,1375,0.7,0.6,3.3,0.05,1.2,3,83,4,0,16.71,30.44,68.58,0.98,0.5,4.8,0.05,0.05,0.739636363636364
17.2,2018-06-27,17,DeerIsle,S,ME,V,,,,V,Boreal Serpentine Forest,44.2474,-68.64403,36,8,13,1.625,73.74,52,65,66,NE,LL,27,86,87,NE,LC,Bs,1.75,5.58333333333333,3.16666666666667,8.66666666666667,NA,6.58,17.16,2.05,118,632,1596,1.1,0.45,14.6,0.1,4.9,8,89,10,2.94,16.76,16.04,67.51,1.54,0.35,15.5,0.1,0.35,0.395989974937343
17.3,2018-06-28,17,DeerIsle,S,ME,V,,,,V,White Cedar/Red Maple Serpentine Seep,44.24918,-68.64196,34,11,9,0.818181818181818,76.34,8,191,192,S,"VV,LL",7,197,198,S,LC,Bs,2.71428571428571,5.35714285714286,4.28571428571429,8.92857142857143,silty clay loam,6.69,19.344,1.45,79,808,1909,1.2,0.35,16.7,0.1,3.3,9,45,9,3.06,20.15,17.41,68.54,0.87,0.35,10,0.1,0.15,0.423258250392876
17.4,2018-06-29,17,DeerIsle,S,ME,V,,,,V,White Cedar Serpentine Seep,44.26002,-68.63703,24,13,8,0.615384615384615,79.98,8,22,23,N,LC,15,0,1,N,LC,Bs,2.5,1.8125,3.125,4.9375,clay loam,6.47,5.785,0.9,38,546,1059,0.8,0.2,7.4,0.1,5.7,9,25,10,0.9,11.65,21.75,70.32,0.78,0.3,8,0.05,0.15,0.515580736543909
18.1,2018-07-14,18,Gaspe,S,QC_PNG,V,,,A&V,A&V,Serpentine Outwash Barren/Spruce Fir Forest Ecotone,48.92345,-66.10944,257,8,4,0.5,26.94,18,220,238,SW,"LC,LL,LV",4,150,168,SE,LC,Ts,1.4,3.6,1.75,5.35,clay loam,6.9,11.609,1.25,60,553,1548,0.25,0.2,5.6,0.1,3.7,3,22,3,0.75,15.82,16.68,77.84,0.93,0.7,6.25,0.05,0.15,0.357235142118863
18.2,2018-07-15,18,Gaspe,S,QC_PNG,A&V,,,,A&V,Serpentine Outcrop,48.91473,-66.11561,636,12.5,18,1.44,15.24,30,109,127,E,"LC,LL",26,88,106,E,LC,Bs,0.571428571428571,2.85714285714286,5.78571428571429,8.78571428571429,clay loam,6.3,6.695,1,39,193,1041,0.4,0.1,8.8,0.1,15.1,9,18,7,1.62,9.74,8.49,76.36,0.88,0.15,12.4,0.05,0.1,0.185398655139289
18.3,2018-07-16,18,Gaspe,S,QC_PNG,A,,,,A,Serpentine Tableland,48.92595,-66.16955,993,17,34,2,0,16,250,268,SW,LC,14,256,274,W,LC,Sh,2.2,2.8,13,15.8,clay loam/silty clay loam,6.74,16.705,1.45,43,189,1695,0.25,0.1,4.3,0.05,6,3,22,6,2.33,15.18,5.4,80.69,0.63,0.35,27.3,0.05,0.2,0.111504424778761
18.4,2018-07-17,18,Gaspe,S,QC_PNG,V,,,A?,A?,Spruce-Fir Serpentine Forest,48.91916,-66.1178,469,10.5,12,1.14285714285714,72.18,10,23,41,N,LV,10,60,78,NE,LC,Bs,1.75,5.625,5.9375,14.625,silty clay loam,6.24,18.343,1.2,80,591,1865,0.7,0.15,12.4,0.15,17.9,45,52,6,4.4,18.7,12.79,67.29,0.89,0.3,14.05,0.05,0.4,0.316890080428954
18.5,2018-07-19,18,Gaspe,S,QC_PNG,V,,,V?,V?,Spruce-Fir-Tamarack Serpentine Wetland Forest,48.90283,-66.11892,498,14.5,15,1.03448275862069,70.36,5,95,113,E,LL,4,103,121,E,LL,Bs/Ts,1.5,5.875,17.5,23.375,clay loam/silty clay loam,7,10.062,1.25,27,171,1581,0.05,0.1,4.7,0.05,6.9,4,15,3,0.12,14.1,6.01,92.65,0.49,0.3,15.95,0.05,0.15,0.108159392789374
18.6,2018-07-20,18,Gaspe,S,QC_PNG,A,,,V?,V?,Spruce-Fir Serpentine Talus Forest ,48.91067,-66.14639,578,21,26,1.23809523809524,10.3,28,19,37,N,"LC,LL,LV",25,358,16,N,LC,Ts,1.66666666666667,7,11.3333333333333,18.8333333333333,silty clay loam,7.19,12.519,1.45,30,346,1780,0.05,0.2,3.4,0.05,4.1,2,18,3,0.04,16.64,10.37,88.94,0.46,0.3,4.8,0,0.25,0.19438202247191
18.7,2019-08-14,18,Gaspe,S,QC_PNG,A?,,,A,A,Serpentine Tableland,48.9015,-66.13644,676,105,105,1,5.88,31,19,37,N,"LL,LC",12,106,124,E,CC,Bs,1.27272727272727,1.09090909090909,2.36363636363636,7.04545454545455,clay loam,6.84,10.972,1.25,38,120,1531,0.25,0.1,3.6,0.2,5.9,3,16,3,0.81,13.46,4.21,89.44,0.68,0.15,13.1,0,0.15,0.07838014369693
18.8,2019-08-15,18,Gaspe,S,QC_PNG,A,,,V,A,Spruce-Fir Serpentine Talus Forest,48.91821,-66.17259,745,58,52,0.896551724137931,0.159999999999997,10,119,137,SE,"LL,LC",7,190,208,S,LC,Bs,0.857142857142857,5.21428571428571,4.71428571428571,23,clay loam,7.12,24.44,1.3,59,488,2263,0.15,0.15,2.5,0.1,2.5,2,26,4,2.76,21.45,10.08,77.9,0.62,0.05,7.15,0,0.25,0.215642951833849
18.9,2019-08-16,18,Gaspe,S,QC_PNG,A&V,,,A&V,A&V,Spruce-Fir Serpentine Talus Forest,48.91185,-66.16109,625,47,33,0.702127659574468,18.36,4,155,173,SE,"LL,LC",5,148,166,SE,LC,Bs,1.09090909090909,2.40909090909091,0.636363636363636,6,sandy loam,6.98,9.152,1.25,62,194,1357,0.25,0.05,4.3,0.1,3.7,3,16,3,0,12.44,7.8,90.92,1.28,0.15,9.15,0,0.2,0.142962417096536
19.1,2018-09-08,19,MtHawk,S,QC,V,,,,V,Northern Hardwood Serpentine Forest,45.02135,-72.37392,248,40,29,0.725,85.18,6,261,276.5,W,"LL,LV",5,251,266.5,SW,"CC,LC",Ts,2,4.57142857142857,3.28571428571429,32.8571428571429,clay loam,6.34,20.072,1.75,55,468,1654,2.65,0.35,12.7,0.15,4.3,10,35,18,4.31,16.26,11.38,67,0.69,0.75,16.8,0.15,0.2,0.282950423216445
19.2,2019-07-10,19,MtHawk,S,QC,V,,,,V,Northern Hardwood Serpentine Forest,45.02377,-72.37168,239,62,40,0.645161290322581,83.88,16,121,136.5,SE,"LL,LC,LV",26,69,84.5,NE,CC/CL,Bs,2.5,2.6875,2.125,21.875,loam,6.45,8.06,5.9,50,740,1229,3.65,0.3,10,0.2,3.9,12,18,8,1.45,14.07,23.84,66,0.83,0.15,18.05,0.15,0.15,0.602115541090317
19.3,2019-07-16,19,MtHawk,S,QC,A&V?,,,,A&V,Serpentine Outcrop,45.02152,-72.37363,254,50,76,1.52,72.96,46,241,256.5,SW,"LV,LC,LL",48,259,274.5,W,"LC,LV",Ts,1.8125,2.8125,4.75,11,clay loam,6.78,7.332,1.9,37,277,1662,0.45,0.4,2.9,0.1,2.6,5,14,6,0.24,15.33,8.9,88.95,0.61,0.35,3.75,0.05,0.1,0.166666666666667
20.1,2018-09-12,20,MelbourneHill,S,QC,V,,V,V,V,Hemlock- Northern Hardwood Serpentine Forest,45.61363,-72.10249,129,85,51,0.6,68.8,35,339,355,NW,LL,16,334,350,NW,"LC,LL,LV",Bs/Ts,1.58333333333333,1.58333333333333,2.20833333333333,8.29166666666667,sandy clay loam,6.68,5.785,1.95,36,677,1099,0.6,0.3,7.2,0.05,2.3,4,20,5,0.22,12.64,26.32,71.22,0.72,1.1,4.8,0.05,0.1,0.616014558689718
21.1,2018-09-19,21,BoltonCastle,S,QC,P,,P,P,P,Rich Northern Hardwood Serpentine Forest,45.17262,-72.37635,244,400,600,1.5,83.62,34,100,115.5,E,"LL,LV",24,118,133.5,E,"CC,LC",Bs,2.83333333333333,5.33333333333333,2.55555555555556,8.22222222222222,clay loam,5.37,10.335,1.75,81,577,749,9.8,0.2,26.5,0.05,19.3,65,24,10,5.51,9.33,19.44,42.05,1.4,0.55,2,0.25,0.6,0.770360480640855
21.2,2019-07-15,21,BoltonCastle,S,QC,V,,,,V,Northern Hardwood Serpentine Forest,45.1722,-72.37611,253,113,100,0.884955752212389,90.38,50,101,116.5,E,"LL,VV",60,99,114.5,E,LC,Bs,2.18181818181818,3,2.59090909090909,9.04545454545455,clay loam,5.29,39.455,5.5,88,944,1391,2.55,0.25,35.6,0.1,3.3,9,15,19,11.65,16.54,16.74,41.12,0.8,0.9,4.85,0.1,0.25,0.678648454349389
22.1,2018-08-28,22,Coleraine,S,QC,V,,,,V,Northern Hardwood Serpentine Forest,45.99347,-71.38213,322,20,21,1.05,58.92,5,192,207.5,S,"LC,LL,LV",8,114,129.5,E,"CC,CL",Bs/Ts,1.8125,2.75,4.4375,12,clay loam/silty clay loam,6.95,9.516,1.35,34,202,1418,0.85,0.2,4.6,0.05,5.4,6,12,5,0.17,12.91,7.72,90.3,0.67,0.35,10.7,0.05,0.1,0.142454160789845
22.2,2018-08-29,22,Coleraine,S,QC,A,,A,A,A,Serpentine Outcrop,45.99234,-71.38395,370,9,12,1.33333333333333,51.9,45,134,149.5,SE,"LC,LL",42,120,135.5,SE,LC,Bs,2.0625,3.0625,3.0625,6.125,clay loam,6.47,23.439,2,75,333,1500,0.45,0.15,8.8,0.05,4.3,3,12,6,4.58,14.36,8.79,66.01,1.02,1,8.05,0.1,0.15,0.222
22.3,2019-09-21,22,Coleraine,S,QC,A,,A,A,A,Serpentine Outcrop,45.99263,-71.38412,371,67,57,0.850746268656716,65.16,54,56,71.5,NE,"LC,LL,LV",36,85,100.5,E,LC,Sh/Bs,2.2,3.2,3.4,16.6,clay loam,6.87,17.797,1.45,54,162,1976,0.55,0.2,9.8,0.15,4,3,11,4,2.15,17.42,4.14,84.17,0.71,0.3,18.65,0.05,0.2,0.081983805668016
23.1,2018-10-05,23,Ludlow,S,VT,NA,,,,NA,Serpentine Outcrop,43.38771,-72.64922,355,NA,NA,NA,71.4,38,278,292,W,LV,24,218,232,SW,LC,"Bs,Ts",2.5,2.25,3.29166666666667,5.54166666666667,silty clay loam,6.9,18.252,2.4,120,910,1705,2.8,0.5,11.3,0.05,2.8,5,17,14,2.16,19.07,21.44,66.94,1.45,0.6,17.3,0.15,0.15,0.533724340175953
24.1,2019-07-02,24,SentinelRockSP,NS,VT,P,,,,P,Rich Northern Hardwood Forest,44.7915,-72.04147,580,21,25,1.19047619047619,79.2,8,241,255.5,SW,LL,7,243,257.5,SW,LC/CC,Bs,2,2.75,7.8,29.4,clay loam,6.09,25.077,0.9,54,2779,131,1.3,0.1,10.9,0.05,2.6,65,11,10,6.36,15.13,64.68,5.08,0.64,0.3,0.15,0.1,0,21.2137404580153
25.1,2019-07-03,25,BearMountain,NS,NH,P,,,,P,Rich Northern Hardwood Forest,43.66575,-71.80572,335,32,25,0.78125,86.74,23,133,147.5,SE,"LL,LV,VV",19,113,127.5,E,LC,Bs,2.5,2.4,8,21,clay loam,5.45,7.241,1.65,77,1579,145,3.7,0.15,16.4,0.05,8.3,97,12,10,4.74,9.3,56.24,8.61,1.41,0.9,0.1,0.1,0,10.8896551724138
26.1,2019-07-08,26,PeakedMtn,NS,VT,P,,,,P,Rich Northern Hardwood Forest,44.78412,-72.75065,483,166,77,0.463855421686747,85.7,27,138,153,SE,LL,11,238,253,SW,LC,Bs,2.33333333333333,1.27777777777778,4.72222222222222,10.6666666666667,clay loam,6.48,15.431,1.2,42,2738,94,1.15,0.2,9.1,0.1,2.2,19,10,8,2.93,14.58,78.18,4.47,0.61,0.25,0.1,0.1,0,29.1276595744681
27.1,2019-07-13,27,MtEquinox,NS,VT,P,,,,P,Rich Northern Hardwood Forest,43.207044,-73.092799,392.65,7239,10858.5,1.5,87,22.5,105,119,E,"LC,LL,LV",18.75,100,114,E,LC,Bs/Ts,0.95,0.8,15.8,36.8,clay loam,6.21,6.968,0.9,32,2222,86,1.9,0.2,10.7,0.05,1.8,13,9,5,1.97,11.91,80.03,5.16,0.59,0.25,0.1,0.1,0,25.8372093023256
27.2,2019-07-14,27,MtEquinox,NS,VT,P,,,,P,Rich Northern Hardwood Forest,43.17089,-73.09412,544,4850,NA,NA,88.3,19,145,159,SE,"LC,LL,VV",20,125,139,SE,LC,Bs,1.91666666666667,1.91666666666667,6.66666666666667,15.1666666666667,clay loam,6.12,10.608,2.15,95,2558,347,4.6,0.3,12.6,0.1,4.3,18,8,17,3.04,15.93,67.44,15.25,1.28,0.75,0,0.2,0,7.37175792507205
28.1,2019-08-28,28,KuogwOutcrops,S,VT,V,,V,,V,Serpentine Outcrop,44.88816,-72.40302,310,79,74,0.936708860759494,42.54,34,245,260.5,SW,"LC,LL,LV",46,306,321.5,NW,LC,Sh/Bs,2.1875,2.8125,2.0625,12.625,loam/clay loam,6.27,20.254,2.6,67,243,1527,1,0.3,8.5,0.1,2.2,5,13,6,4.54,14.11,6.51,68.21,0.92,0.7,7.9,0.05,0.15,0.159135559921415
28.2,2019-09-18,28,KuogwOutcrops,S,VT,A,,,,A,Serpentine Forest,44.88874,-72.40266,297,230,153,0.665217391304348,70.1,38,304,319.5,NW,"LV,LL,LC,LC",44,292,307.5,W,LC,Bs,2.8,3.4,3.5,17.1,loam/clay loam,6.53,11.882,1.85,66,252,1383,0.45,0.15,5.8,0.1,2.6,5,13,3,1.98,12.95,8.44,77.19,1.13,0.85,5.8,0.05,0.3,0.182212581344902
29.1,2020-06-16,29,SouthMississquoiRidge,S,VT,V,,,,V,Northern Hardwood Serpentine Forest,44.8032,-72.45862,284,139,80,0.575539568345324,78.68,15,318,332.5,NW,"LC,LL",17,17,31.5,N,CL,Bs,2.64285714285714,2.14285714285714,5.14285714285714,29.5714285714286,clay loam/sandy clay loam,6.19,15.067,2.5,39,667,1608,4.95,0.3,8,0.15,10.1,10,40,15,3.72,16.84,16.22,65.18,0.49,0.6,13.6,0.15,0.1,0.414800995024876
29.2,2020-09-20,29,SouthMississquoiRidge,S,VT,V&P,,,,V&P,Northern Hardwood Serpentine Forest,44.79509,-72.46091,413,344,118,0.343023255813953,78.94,34,125,139.5,SE,"CC,LC,LL",32,118,132.5,E,LC,Sh,2.80769230769231,3,3.5,7.76923076923077,loam,5.53,14.794,5,96,788,1090,7.85,0.2,29.4,0.1,16.9,27,10,9,5.79,13.27,20.67,47.65,1.29,0.35,5,0.15,0.3,0.722935779816514
30.1,2020-06-17,30,MapleHillWoods,NS,VT,P,,,,P,Rich Northern Hardwood Forest,44.27119,-72.3965,420,208,65,0.3125,90.12,7,334,348.5,NW,LL,8,344,358.5,NW,LV,Bs/Ts,2.875,0.625,12.25,27.75,clay loam,7.01,10.79,1.5,52,3363,75,0.6,0.5,5.3,0.05,1.7,6,19,7,0.25,17.57,94.34,3.51,0.75,0.05,0.1,0.05,0.05,44.84
31.1,2020-06-23,31,BerlinTF,NS,VT,P,,,,P,Rich Northern Hardwood Forest,44.1572,-72.59576,338,468,99,0.211538461538462,85.96,32,114,128.5,E,LC,26,118,132.5,E,LC,Bs,3.2,0.7,10.8,43.4,clay loam,6.32,6.149,1.25,25,1528,99,1.3,0.25,12.6,0.1,7.5,8,8,6,1.44,8.53,76.65,8.28,0.64,0.15,0.3,0.05,0,15.4343434343434
32.1,2020-06-26,32,OkemoSF,NS,VT,P,,,,P,Rich Northern Hardwood Forest,43.42401,-72.74677,716,34,20,0.588235294117647,82.06,24,308,322.5,NW,LL,21,304,318.5,NW,LC/CC,Bs,2.25,2.75,10.1666666666667,14.3333333333333,silt loam,5.43,16.159,1.65,128,1687,118,7.95,0.2,27.1,0.15,11.1,251,32,16,7.29,9.75,49.51,5.77,1.93,1.35,0.4,0.2,0.05,14.2966101694915
33.1,2020-07-21,33,AinsworthSP,NS,VT,P,,,,P,Mixed Hemlock-Northern Hardwood Forest,44.0756,-72.57306,274,546,176,0.322344322344322,86.22,36,62,76.5,NE,"LL,LV",43,55,69.5,NE,LC,Bs/Ts,2.75,0.642857142857143,7.25,25.4285714285714,loam/sandy loam,7.67,6.604,1.25,20,3637,184,1.1,0.55,33.2,0.1,10.3,7,8,5,0,19.77,91.98,7.76,0.26,0.15,0.3,0.05,0.05,19.7663043478261
34.1,2020-08-05,34,HuyckNP,NS,NY,P,,,,P,Locally-enriched Hemlock/Oak NHF?,42.51717,-74.15109,488,105,32,0.304761904761905,87.78,11,41,54,NE,"LL,LV",9,36,49,NE,CC,Bs/Ts,1.875,0.9375,14.5,28,silty clay loam,6.25,10.881,0.95,89,2952,218,0.55,0.25,7.8,0.1,3.2,46,16,7,2.8,16.8,75.28,9.27,1.16,0.55,0.15,0.1,0.05,13.5412844036697
34.2,2020-08-05,34,HuyckNP,NS,NY,P,,,,P,Rich Northern Hardwood Forest,42.51488,-74.15009,504,82,23,0.280487804878049,84.4,11,87,100,E,LL,14,83,96,E,LC,Bs,2.41666666666667,0.291666666666667,13.1666666666667,16.5,silty clay loam,5.85,8.515,1.35,84,1878,164,1.15,0.2,13.6,0.05,5.9,77,13,7,3.68,10.97,64.09,9.33,1.47,0.7,0.3,0.1,0.05,11.4512195121951
35.1,2020-08-06,35,ThompsonLake,NS,NY,P,,,,P,Locally-enriched Hemlock Northern Hardwood Forest?,42.65755,-74.04513,409,42,19,0.452380952380952,86.22,2,148,161,SE,LC,2,190,203,S,LL,?,2.15,1.2,5.5,8.4,silty clay loam,6.97,21.346,2.9,106,3655,133,2.45,1.15,7.3,0.05,1.5,6,10,10,2.59,19.66,82.14,4.98,1.22,0,0.1,0.1,0.05,27.4812030075188
36.1,2020-08-06,36,MtTomSF,NS,NY,P,,,,P,Rich Northern Hardwood Forest,43.00506,-73.30548,414,48,28,0.583333333333333,88.82,6,200,213.5,S,"LL,LC",8,208,221.5,S,LC,Bs,1.8,1,11.4,20.6,clay loam,5.03,19.253,3.3,130,669,69,6.45,0.15,49.6,0.2,16.6,385,25,32,9.72,4.25,23.94,4.11,2.39,1.8,0.65,0.15,0.1,9.69565217391304
37.1,2020-08-09,37,PerkinsvilleQuarry,S,VT,P,,,,P,Northern Hardwood Serpentine Forest?,43.37271,-72.53429,326,51,17,0.333333333333333,81.02,0,NA,NA,NA,LL,3,280,294.5,W,LC,?,2.11111111111111,0.833333333333333,5.27777777777778,14.8888888888889,sandy clay loam,6.26,7.423,2.25,106,2007,287,2.5,0.2,7.6,0.15,4.9,36,8,7,2.01,12.7,68.25,16.27,1.85,0.65,0.3,0.1,0.05,6.99303135888502
38.1,2020-08-11,38,NiquetteBaySP,NS,VT,P,,,,P,Rich Northern Hardwood Forest,44.59045,-73.18635,65,11,7,0.636363636363636,89.86,12,344,358.5,NW,LV,12,345,359.5,NW,CL,Ts,0.375,0.916666666666667,7.66666666666667,11.4166666666667,clay loam,6.55,10.153,9.3,115,2780,393,2.55,0.6,13.8,0.05,2.7,9,14,7,1.57,17.47,73.02,17.2,1.55,0.15,0.15,0.1,0,7.07379134860051
39.1,2020-08-16,39,PakessoRidge,S,VT,A,,,,A,Serpentine Outcrop/Serpentine Forest Ecotone,44.8132,-72.42356,412,35,23,0.657142857142857,37.86,32,294,308.5,W,LL,24,302,316.5,NW,LC,Sh/Bs,3.45833333333333,2.625,2.16666666666667,6.125,clay loam/sandy clay loam,6.11,9.243,1.55,35,220,1486,2.85,0.2,7,0.15,16.7,22,17,4,2.8,13.57,6.72,75.64,0.55,0.9,8.25,0.1,0.45,0.148048452220727
40.1,2020-08-20,40,NorthTroyOutcrop,S,VT,V&P,NA,P,,V&P,Rich Northern Hardwood Serpentine Forest,44.92875,-72.38766,338,115,43,0.373913043478261,84.4,36,101,115.5,E,"LL,LV",28,117,131.5,E,LC,Bs,3,3.88888888888889,5.83333333333333,10.3333333333333,clay loam,5.74,15.704,1.5,79,788,1090,2.95,0.2,25.8,0.15,15.9,61,17,9,5.47,13.23,21.08,48.59,1.08,0.35,6.9,0.1,1,0.722935779816514
41.1,2020-08-26,41,ParkerBrook,S,ME,A&V,NA,V,,A&V,Serpentine Outcrop/Serpentine Forest Ecotone,45.32679,-70.25124,328,23,18,0.782608695652174,61.52,22,234,249.5,SW,LL,20,236,251.5,SW,LC/VC,Ts,1.95,3.2,1.3,9.1,loam,5.35,10.062,2.95,46,357,1012,1.5,0.15,15.2,0.1,16.6,19,11,5,5.33,10.34,11.39,53.83,0.75,0.9,6.6,0.05,0.6,0.352766798418972
41.2,2020-08-27,41,ParkerBrook,S,ME,V,NA,V,,V,Boreal Serpentine Forest,45.32527,-70.25858,344,30,17,0.566666666666667,66.98,7,52,67.5,NE,LL,5,49,64.5,NE,LC,Sh,1.25,4.83333333333333,5.08333333333333,28,loam,6.43,21.71,1.45,67,953,1874,0.75,0.25,7.9,0.1,3.9,13,16,7,4.38,20.55,19.11,62.63,0.69,0.35,7.95,0.1,0.35,0.508537886872999
